{"cameraMode":{"drawMode":0,"name":"Shaded","section":"Shading Mode"},"sceneLighting":true,"audioPlay":false,"sceneViewState":{"m_AlwaysRefresh":false,"showFog":true,"showSkybox":true,"showFlares":true,"showImageEffects":true,"showParticleSystems":true,"showVisualEffectGraphs":true,"m_FxEnabled":true},"in2DMode":false,"pivot":{"x":3.3863534927368166,"y":7.603776931762695,"z":-11.450492858886719},"rotation":{"x":-0.06354590505361557,"y":0.9220214486122131,"z":-0.34107452630996706,"w":-0.1717829406261444},"size":32.624568939208987,"orthographic":false}